Category,Likes,Dates
Fashion,9099,2021-06-14
Family,4580,2022-09-07
Culture,9298,2021-07-05
Food,1872,2021-06-22
Health,3134,2021-11-21
Music,2820,2022-09-12
Family,6197,2022-06-26
Health,1155,2022-07-09
Music,9559,2022-07-24
Family,132,2022-03-22
Health,2211,2021-02-05
Food,1720,2021-01-28
Fitness,713,2021-06-19
Health,8687,2022-04-02
Music,2035,2021-11-03
Health,6559,2021-02-23
Fitness,5791,2022-01-19
Health,1426,2022-12-16
Food,9502,2022-12-14
Family,4517,2021-02-14
Culture,5673,2021-03-23
Fitness,334,2022-01-21
Travel,5221,2022-04-24
Family,1242,2021-05-27
Food,1069,2021-10-19
Fashion,2789,2021-01-17
Travel,7471,2021-09-08
Music,9346,2022-07-09
Health,5675,2021-09-19
Travel,6534,2021-08-16
Travel,5797,2022-06-11
Family,3194,2021-05-10
Music,2260,2022-07-31
Fashion,3204,2022-02-01
Culture,2789,2022-08-03
Health,4435,2022-08-26
Travel,5669,2022-07-30
Food,9283,2022-03-07
Travel,3337,2021-01-09
Family,1299,2021-09-25
Music,6970,2021-08-24
Fitness,6147,2021-06-18
Food,8572,2021-09-26
Food,3267,2021-04-22
Travel,9833,2022-11-26
Culture,7761,2021-02-22
Family,544,2021-06-16
Health,2637,2022-08-30
Culture,4713,2022-12-16
Fitness,284,2022-07-13
Travel,6190,2021-05-31
Food,7836,2022-01-18
Music,150,2021-04-13
Travel,5978,2021-01-09
Health,3203,2022-02-03
Food,9700,2021-02-03
Music,8985,2022-10-11
Travel,2417,2022-07-13
Fitness,9070,2021-12-26
Fitness,4199,2022-10-24
Music,8393,2021-03-20
Fitness,4062,2022-05-09
Family,5156,2022-05-03
Travel,2330,2021-09-18
Family,2277,2021-02-21
Fitness,5507,2022-03-14
Family,3503,2021-06-15
Culture,3733,2021-01-10
Fashion,5688,2022-10-28
Family,6043,2021-01-14
Health,5994,2022-07-22
Family,6228,2021-04-20
Health,5100,2021-03-01
Music,5303,2021-02-07
Family,432,2021-05-09
Fashion,9447,2022-10-06
Culture,6561,2022-06-23
Fashion,1897,2021-07-29
Music,5354,2022-01-03
Travel,4516,2021-07-26
Fitness,3708,2022-01-06
Music,2167,2021-04-20
Health,814,2021-03-31
Family,3701,2022-11-24
Health,2246,2021-01-28
Family,5123,2022-12-31
Health,5136,2022-04-04
Family,2592,2021-05-14
Health,4522,2022-05-05
Health,5335,2022-02-26
Travel,5554,2022-09-23
Health,3605,2022-11-28
Fashion,7518,2021-02-21
Food,1980,2021-07-12
Food,7396,2021-01-09
Health,6532,2022-04-10
Health,7372,2021-06-22
Music,4309,2021-04-10
Travel,5733,2021-02-22
Health,6582,2021-12-09
Health,2134,2021-08-18
Family,1375,2022-10-05
Fashion,7014,2021-01-27
Fashion,6439,2021-05-09
Family,7668,2021-06-03
Culture,1703,2022-01-02
Fitness,3608,2021-08-06
Food,9148,2021-02-02
Fashion,6142,2021-03-13
Family,165,2021-09-21
Culture,5962,2021-05-31
Culture,3066,2022-06-14
Fitness,1453,2021-08-10
Travel,3075,2021-03-11
Culture,6309,2021-05-08
Health,4698,2022-01-01
Music,1355,2021-09-03
Music,9461,2021-08-23
Culture,3230,2022-01-05
Fitness,9038,2022-04-28
Culture,7470,2021-05-01
Health,5450,2022-03-21
Family,1159,2022-03-20
Fashion,6006,2021-07-26
Travel,9464,2021-05-11
Fashion,5958,2021-06-15
Food,7062,2022-07-06
Health,6725,2021-07-24
Music,2001,2021-07-08
Food,5579,2022-09-12
Family,1001,2021-09-08
Food,6321,2022-05-06
Travel,3788,2022-01-01
Music,7421,2021-08-19
Culture,3842,2021-09-25
Fitness,2883,2022-01-05
Culture,7576,2021-10-20
Health,4221,2022-12-31
Health,934,2021-11-07
Travel,9746,2021-03-02
Fashion,7557,2021-12-04
Family,1377,2021-01-21
Music,1431,2021-05-07
Fitness,2719,2022-11-19
Health,1317,2022-07-30
Travel,2183,2022-02-22
Health,4174,2022-09-08
Music,6558,2022-11-08
Music,3532,2021-01-25
Travel,4870,2022-02-21
Fitness,490,2021-05-04
Food,9006,2021-06-16
Food,6678,2021-01-15
Fitness,5281,2021-01-29
Health,8624,2022-01-11
Fashion,9938,2022-11-01
Health,8944,2021-06-20
Family,6957,2022-02-09
Family,218,2022-06-01
Culture,3986,2022-02-01
Music,4485,2021-01-06
Food,2778,2022-04-15
Health,5028,2022-03-19
Culture,2813,2022-10-21
Health,5755,2022-11-15
Culture,7672,2021-08-01
Fashion,7404,2021-12-27
Food,9963,2022-07-03
Music,5491,2021-04-09
Music,2104,2022-10-24
Fitness,5195,2022-05-20
Music,8118,2022-03-26
Food,5443,2022-06-14
Family,8955,2021-10-30
Travel,8611,2022-10-03
Culture,7708,2021-05-29
Fashion,5463,2022-09-23
Fashion,3554,2021-11-11
Travel,5568,2021-12-15
Health,1010,2022-10-10
Music,2790,2021-12-23
Fashion,3429,2021-01-05
Fashion,5493,2022-11-06
Fashion,3728,2022-09-22
Family,3836,2021-01-21
Family,8210,2021-02-26
Music,6932,2022-02-07
Health,9491,2021-07-28
Fitness,2518,2021-06-03
Culture,3601,2021-01-29
Fitness,5493,2022-06-24
Health,9562,2022-12-12
Family,6617,2022-11-05
Health,8901,2021-02-26
Health,1376,2021-10-18
Fitness,2332,2022-07-28
Food,8064,2022-07-15
Fitness,7165,2022-09-27
Fitness,2311,2022-03-30
Travel,668,2021-12-01
Food,9852,2022-07-08
Culture,2082,2022-01-01
Fashion,49,2021-01-20
Music,7711,2022-08-05
Culture,3817,2022-07-08
Culture,4415,2022-10-25
Food,732,2022-10-21
Fashion,9157,2021-03-30
Health,6931,2021-09-09
Fitness,3805,2022-05-18
Family,8110,2021-02-20
Travel,238,2022-02-04
Travel,5896,2021-10-25
Food,4612,2021-02-24
Music,2438,2021-04-08
Culture,7779,2022-11-18
Family,6969,2021-09-18
Fashion,4244,2022-08-01
Food,6768,2022-04-18
Food,9864,2022-03-19
Fashion,9942,2021-10-27
Health,8941,2022-05-23
Culture,5285,2021-06-14
Family,3473,2021-05-17
Food,9039,2021-02-16
Music,1671,2021-04-02
Fitness,5903,2021-03-25
Family,3194,2021-11-03
Family,8500,2021-02-21
Travel,739,2021-02-10
Travel,7975,2022-12-14
Music,3930,2022-12-16
Fashion,3855,2021-03-24
Culture,7655,2022-05-18
Food,381,2021-03-29
Culture,5209,2022-01-21
Travel,4609,2022-11-23
Fashion,6630,2021-02-10
Travel,8309,2021-10-22
Travel,5594,2022-04-28
Food,6910,2022-12-06
Travel,3664,2021-07-26
Culture,9362,2022-05-12
Fitness,2383,2021-08-05
Family,6545,2022-01-24
Fashion,3041,2022-07-18
Food,7407,2022-01-11
Travel,9268,2022-01-22
Fashion,1362,2022-02-25
Fitness,3646,2021-06-08
Fashion,1305,2022-01-06
Music,2946,2021-11-30
Health,1903,2021-08-01
Travel,6805,2022-02-05
Fashion,8784,2022-07-01
Fitness,3420,2021-04-24
Fashion,9899,2022-12-05
Fashion,4187,2022-08-07
Food,2633,2021-05-16
Food,1982,2022-12-18
Fitness,5357,2021-08-17
Family,2575,2022-11-21
Family,2104,2022-09-27
Travel,1768,2021-04-07
Family,3630,2022-05-24
Food,8066,2022-02-24
Food,4026,2021-09-10
Travel,1522,2021-08-10
Culture,9988,2022-11-10
Fashion,7131,2021-04-07
Culture,924,2022-06-05
Music,4698,2021-04-19
Food,7020,2022-02-03
Fashion,6511,2021-07-02
Family,1614,2022-06-04
Family,3112,2022-08-15
Fitness,4328,2021-11-02
Fashion,8795,2021-06-18
Family,6089,2021-11-17
Culture,5759,2022-06-01
Fashion,4610,2021-09-13
Food,6879,2022-02-18
Family,8784,2022-12-18
Culture,6534,2022-12-21
Travel,4779,2021-12-07
Food,6368,2021-03-01
Food,9713,2022-04-02
Health,1445,2021-12-16
Health,4223,2021-03-11
Fashion,3534,2021-09-19
Family,8778,2021-06-28
Food,8837,2022-04-01
Travel,2963,2022-11-21
Culture,8379,2021-03-08
Health,1841,2022-04-03
Family,3302,2022-05-04
Family,9531,2021-10-10
Health,2948,2022-12-09
Music,1001,2021-04-23
Fitness,405,2021-07-17
Health,9915,2022-03-17
Food,8947,2021-11-20
Fitness,3993,2022-01-01
Fashion,7527,2022-03-31
Culture,6054,2021-03-16
Food,6450,2022-12-06
Music,8428,2021-07-18
Food,7654,2022-02-25
Culture,6684,2021-05-31
Culture,7003,2022-05-13
Travel,5384,2021-07-28
Health,5652,2022-04-24
Fitness,1806,2021-11-24
Music,5493,2021-05-21
Fashion,2737,2021-01-17
Fitness,1316,2021-02-28
Family,91,2021-05-29
Food,9774,2022-08-13
Health,7429,2022-05-12
Health,9987,2021-05-24
Food,495,2022-12-10
Food,4118,2021-05-08
Travel,1963,2021-09-25
Health,9466,2021-08-22
Culture,2831,2021-12-15
Health,7806,2022-10-08
Food,2807,2022-02-04
Music,2791,2021-11-06
Health,751,2022-09-12
Fitness,1691,2021-05-30
Culture,1786,2022-08-20
Fashion,1860,2021-06-19
Family,1762,2022-10-08
Family,232,2021-08-07
Music,9877,2022-09-01
Health,6538,2022-01-28
Culture,6873,2021-08-02
Culture,8403,2022-07-12
Health,5296,2022-04-27
Music,2674,2022-10-29
Health,233,2021-12-26
Culture,5610,2021-02-21
Family,2281,2022-08-27
Culture,4764,2021-11-18
Culture,4180,2022-05-27
Music,7292,2021-05-28
Fashion,3577,2022-10-02
Family,3097,2022-03-10
Fitness,3364,2022-01-03
Music,7327,2022-04-06
Fashion,8080,2021-09-25
Travel,5942,2022-03-14
Music,9970,2022-02-14
Family,3422,2021-02-11
Music,484,2022-05-04
Family,3061,2022-04-21
Health,8501,2022-06-15
Fashion,2687,2021-03-24
Music,7923,2021-01-17
Culture,2322,2022-10-22
Travel,2546,2021-05-14
Health,4978,2021-04-07
Health,6034,2021-01-05
Fitness,2043,2022-06-13
Culture,4035,2021-07-31
Food,178,2022-02-20
Culture,7823,2021-12-18
Food,7707,2021-10-17
Health,1681,2021-12-17
Music,9679,2021-03-13
Health,1387,2021-02-27
Fashion,959,2021-06-21
Music,6737,2021-01-09
Culture,4144,2021-10-05
Travel,4848,2021-03-05
Fashion,6311,2022-02-02
Family,2311,2021-01-07
Health,9225,2021-09-12
Fitness,6153,2022-03-08
Fitness,5919,2022-10-09
Culture,8769,2021-01-26
Music,8316,2022-09-03
Culture,3144,2022-01-18
Music,759,2021-09-25
Music,5389,2021-12-13
Food,3512,2021-10-12
Fashion,7906,2021-09-15
Fashion,3502,2022-11-23
Fitness,2485,2022-09-14
Health,5113,2021-03-02
Fashion,2854,2022-05-08
Family,7275,2022-08-08
Food,7842,2021-01-15
Family,7763,2021-08-07
Fitness,9871,2021-10-13
Health,1802,2022-08-06
Fitness,6557,2021-01-22
Health,2249,2022-03-07
Fashion,5993,2021-08-02
Travel,216,2021-08-09
Health,4722,2022-01-29
Health,8506,2021-12-08
Family,2500,2021-04-07
Food,1778,2021-04-03
Music,3450,2021-11-15
Health,1314,2021-04-08
Music,4670,2021-04-21
Health,4992,2021-03-09
Fitness,1785,2021-03-21
Fashion,8606,2021-10-05
Culture,6572,2022-08-07
Music,3037,2021-09-22
Food,7999,2022-06-30
Family,542,2021-08-25
Fitness,1254,2021-04-27
Fitness,8132,2022-03-20
Food,7865,2021-09-01
Fashion,2013,2022-10-03
Culture,4220,2021-09-22
Culture,7845,2022-05-18
Family,3725,2021-07-19
Fashion,215,2021-07-04
Culture,7494,2022-07-29
Travel,414,2021-05-05
Family,1286,2021-12-04
Food,1913,2022-01-08
Music,2557,2021-11-28
Music,5131,2021-08-11
Culture,4244,2021-02-25
Health,144,2021-11-25
Fitness,831,2022-03-04
Food,1850,2021-02-08
Family,2295,2022-09-08
Food,8898,2021-06-14
Health,7200,2021-12-28
Travel,7995,2022-08-07
Family,5743,2022-11-08
Music,3428,2022-12-23
Travel,4230,2021-05-10
Fashion,4187,2022-07-15
Health,9215,2021-12-12
Travel,6127,2022-04-04
Health,2591,2022-07-02
Travel,9593,2021-11-24
Health,5144,2022-12-18
Fashion,9055,2022-01-09
Family,634,2022-10-19
Fitness,7719,2022-03-14
Music,4219,2021-04-23
Culture,3699,2022-05-25
Health,2806,2022-05-11
Health,3632,2022-12-23
Food,7728,2022-10-09
Family,6413,2022-10-01
Fitness,3129,2022-09-18
Fashion,4628,2022-04-07
Health,5050,2021-05-07
Fashion,7766,2022-03-31
Food,7892,2022-11-01
Health,5123,2022-07-01
Health,3861,2022-12-03
Health,3892,2022-01-22
Culture,731,2021-11-12
Family,9321,2021-05-03
Fashion,1651,2022-02-04
Fitness,8678,2022-06-21
Food,7193,2022-05-25
Family,262,2022-07-05
Fashion,5379,2021-05-08
Health,1143,2021-12-01
Family,367,2021-10-05
Family,6157,2022-02-14
Health,2295,2022-10-28
Fashion,2348,2021-11-19
Fitness,9737,2022-03-11
Culture,4578,2021-10-16
Family,981,2022-03-03
Food,4577,2021-03-17
Fashion,9166,2021-01-03
Travel,4314,2021-08-29
Music,7532,2022-05-25
Fashion,7855,2022-10-05
Health,9772,2021-11-20
Fitness,4304,2021-09-03
Health,2534,2022-11-30
Fitness,2759,2021-02-27
Fashion,8410,2021-01-16
Culture,3022,2022-06-29
Fitness,5161,2022-01-04
Travel,1128,2022-04-27
Fashion,5800,2021-06-06
Travel,9049,2021-10-30
Music,3969,2022-09-08
Food,2711,2022-04-13
Fitness,2057,2021-01-06
Family,8381,2021-05-24
Fitness,6021,2022-05-31
Music,7249,2022-05-24
Fitness,3957,2022-04-27
Fitness,3644,2022-07-19
